sample,strategy,strategy_price_type,return_basis,round_trip_ticks,nobs,trade_count,trade_rate,avg_daily,avg_ann,avg_ann_pct,vol_ann,vol_ann_pct,sharpe,success_rate,max_drawdown,avg_trade_return,avg_trade_return_bp,t_stat_mean,p_value_mean
replication,timing_rONFH,paper_statistical,r_LH,0,2379,2379,1.0,1.3458979469194655e-05,0.003391662826237053,0.3391662826237053,0.009767178479646876,0.9767178479646875,0.3472510339915152,0.4295922656578394,-0.02635841566948427,1.3458979469194655e-05,0.13458979469194654,1.0669412305984802,0.2861066804251795
replication,timing_agree_ONFH_ROD,paper_statistical,r_LH,0,2379,1803,0.7578814627994955,2.4867454769698398e-05,0.006266598601963996,0.6266598601963996,0.007982300504904612,0.7982300504904613,0.7850617247638788,0.3287095418242959,-0.022252291099075117,2.4867454769698398e-05,0.248674547696984,2.412130247928375,0.015934892204926054
replication,timing_rROD,paper_statistical,r_LH,0,2379,2379,1.0,3.220346777771068e-05,0.00811527387998309,0.811527387998309,0.009756125927321755,0.9756125927321755,0.8318131541595313,0.43673812526271544,-0.02764363448810303,3.220346777771068e-05,0.3220346777771068,2.5557756880535565,0.010656827816139858
replication,always_long,paper_statistical,r_LH,0,2379,2379,1.0,-1.553863587903866e-05,-0.003915736241517742,-0.3915736241517742,0.009766400165022568,0.9766400165022568,-0.400939565792274,0.416141235813367,-0.04747139392754007,-1.553863587903866e-05,-0.1553863587903866,-1.231901166153134,0.2181078037073918
replication,timing_rONFH,paper_statistical,r_LH,1,2379,2379,1.0,-0.00010988541783698023,-0.02769112529491902,-2.769112529491902,0.009766827762126446,0.9766827762126445,-2.835222036196743,0.3724253888188314,-0.23873088197617864,-0.00010988541783698023,-1.0988541783698023,-8.711321183261315,0.0
replication,timing_agree_ONFH_ROD,paper_statistical,r_LH,1,2379,1803,0.7578814627994955,-6.857490988741122e-05,-0.01728087729162763,-1.7280877291627628,0.00800198567752286,0.800198567752286,-2.1595736343503673,0.28247162673392184,-0.1636533521508332,-6.857490988741122e-05,-0.6857490988741122,-6.6353672860715305,3.994937713969193e-11
replication,timing_rROD,paper_statistical,r_LH,1,2379,2379,1.0,-9.11409295284642e-05,-0.022967514241172975,-2.2967514241172977,0.009754949738969992,0.9754949738969991,-2.3544472145684345,0.37957124842370743,-0.2077150203848045,-9.11409295284642e-05,-0.911409295284642,-7.234123336122851,6.290523657526137e-13
replication,always_long,paper_statistical,r_LH,1,2379,2379,1.0,-0.00013888303318521355,-0.03499852436267381,-3.499852436267381,0.00976304620142556,0.9763046201425559,-3.584795528014962,0.3619167717528373,-0.2829052468387504,-0.00013888303318521355,-1.3888303318521356,-11.014412565284594,0.0
replication,timing_rONFH,paper_statistical,r_LH,2,2379,2379,1.0,-0.00023322981514315512,-0.05877391341607509,-5.877391341607509,0.00976694329937349,0.976694329937349,-6.0176363898667455,0.27952921395544345,-0.4287742862604802,-0.00023322981514315512,-2.332298151431551,-18.48940318851722,0.0
replication,timing_agree_ONFH_ROD,paper_statistical,r_LH,2,2379,1803,0.7578814627994955,-0.00016201727454452083,-0.04082835318521925,-4.082835318521925,0.008109241850827112,0.8109241850827111,-5.034792886471244,0.21395544346364018,-0.32133499054039794,-0.00016201727454452083,-1.6201727454452084,-15.469581346822887,0.0
replication,timing_rROD,paper_statistical,r_LH,2,2379,2379,1.0,-0.0002144853268346391,-0.05405030236232905,-5.405030236232905,0.009754240283398167,0.9754240283398167,-5.541210877727024,0.2854140395124002,-0.4007420484303391,-0.0002144853268346391,-2.144853268346391,-17.025568750451047,0.0
replication,always_long,paper_statistical,r_LH,2,2379,2379,1.0,-0.00026222743049138844,-0.06608131248382988,-6.608131248382988,0.009760157676766967,0.9760157676766967,-6.7705168986285456,0.2656578394283312,-0.4648861216259407,-0.00026222743049138844,-2.6222743049138844,-20.802655498462972,0.0
replication,timing_rONFH,paper_statistical,r_LH,3,2379,2379,1.0,-0.00035657421244932996,-0.08985670153723115,-8.985670153723115,0.009767525074842421,0.9767525074842421,-9.19953630512495,0.1950399327448508,-0.5721663984516547,-0.00035657421244932996,-3.5657421244932994,-28.26590456334031,0.0
replication,timing_agree_ONFH_ROD,paper_statistical,r_LH,3,2379,1803,0.7578814627994955,-0.0002554596392016304,-0.06437582907881087,-6.437582907881087,0.008300675104253582,0.8300675104253582,-7.755493170166634,0.1483816729718369,-0.4557085478367766,-0.0002554596392016304,-2.554596392016304,-23.829030346610516,0.0
replication,timing_rROD,paper_statistical,r_LH,3,2379,2379,1.0,-0.00033782972414081393,-0.08513309048348511,-8.51330904834851,0.009753997662449505,0.9753997662449505,-8.728020390165419,0.20008406893652794,-0.5526485436396689,-0.00033782972414081393,-3.378297241408139,-26.81715503833246,0.0
replication,always_long,paper_statistical,r_LH,3,2379,2379,1.0,-0.00038557182779756327,-0.09716410060498594,-9.716410060498594,0.009757735004390224,0.9757735004390224,-9.957649040609283,0.18327028163093737,-0.6009020816832797,-0.00038557182779756327,-3.8557182779756327,-30.595233077160653,0.0
replication,timing_rONFH,executable_next_open,r_LH_executable,0,2379,2379,1.0,1.427064793043546e-05,0.003596203278469736,0.3596203278469736,0.009761195632688076,0.9761195632688076,0.36841831818500287,0.4401008827238335,-0.02366811282228387,1.427064793043546e-05,0.1427064793043546,1.1319784688932963,0.25775761859177404
replication,timing_agree_ONFH_ROD,executable_next_open,r_LH_executable,0,2379,1803,0.7578814627994955,2.484524989754243e-05,0.006261002974180693,0.6261002974180693,0.007985966859101181,0.7985966859101181,0.7840006206694135,0.3362757461118117,-0.020512051016940758,2.484524989754243e-05,0.24845249897542432,2.408869967619549,0.016077591862101892
replication,timing_rROD,executable_next_open,r_LH_executable,0,2379,2379,1.0,3.1352800463345016e-05,0.007900905716762944,0.7900905716762944,0.009751126202731651,0.9751126202731651,0.8102557132887489,0.44388398486759145,-0.027828956988331877,3.1352800463345016e-05,0.31352800463345015,2.4895396794034323,0.012858719458995527
replication,always_long,executable_next_open,r_LH_executable,0,2379,2379,1.0,-1.5042489212516626e-05,-0.00379070728155419,-0.379070728155419,0.009760903455084421,0.9760903455084421,-0.388356190489685,0.4270701975620008,-0.04740969606888701,-1.5042489212516626e-05,-0.15042489212516627,-1.1932382951571763,0.23289509394383567
replication,timing_rONFH,executable_next_open,r_LH_executable,1,2379,2379,1.0,-0.00010907380855290328,-0.027486599755331628,-2.7486599755331627,0.009760893941544248,0.9760893941544249,-2.8159920515418526,0.37788986969314836,-0.2378727375693349,-0.00010907380855290328,-1.0907380855290327,-8.65223636713783,0.0
replication,timing_agree_ONFH_ROD,executable_next_open,r_LH_executable,1,2379,1803,0.7578814627994955,-6.859719684482896e-05,-0.0172864936048969,-1.72864936048969,0.008005743681700539,0.8005743681700539,-2.1592614368119505,0.28667507356031946,-0.16435320656279484,-6.859719684482896e-05,-0.6859719684482897,-6.634408047960705,4.0205394569170494e-11
replication,timing_rROD,executable_next_open,r_LH_executable,1,2379,2379,1.0,-9.199165601999373e-05,-0.02318189731703842,-2.318189731703842,0.009750013225405647,0.9750013225405647,-2.377627268918288,0.38293400588482557,-0.2098274491836709,-9.199165601999373e-05,-0.9199165601999373,-7.305344882763305,3.7569947153315297e-13
replication,always_long,executable_next_open,r_LH_executable,1,2379,2379,1.0,-0.00013838694569585537,-0.03487351031535555,-3.487351031535555,0.009757601134238406,0.9757601134238406,-3.573983998278843,0.3644388398486759,-0.28251692326109457,-0.00013838694569585537,-1.3838694569585537,-10.981193753208746,0.0
replication,timing_rONFH,executable_next_open,r_LH_executable,2,2379,2379,1.0,-0.00023241826503624205,-0.058569402789132995,-5.856940278913299,0.009761058780667242,0.9761058780667242,-6.000312476873471,0.27742749054224464,-0.42755008237985437,-0.00023241826503624205,-2.3241826503624203,-18.436174845795342,0.0
replication,timing_agree_ONFH_ROD,executable_next_open,r_LH_executable,2,2379,1803,0.7578814627994955,-0.00016203964358720032,-0.04083399018397448,-4.083399018397448,0.008113049687180022,0.8113049687180022,-5.033124627413416,0.21185372005044137,-0.3219055901024839,-0.00016203964358720032,-1.6203964358720033,-15.4644555611581,0.0
replication,timing_rROD,executable_next_open,r_LH_executable,2,2379,2379,1.0,-0.00021533611250333252,-0.054264700350839794,-5.426470035083979,0.009749367220115858,0.9749367220115858,-5.565971526734114,0.2837326607818411,-0.4024820967913857,-0.00021533611250333252,-2.1533611250333253,-17.101646730747827,0.0
replication,always_long,executable_next_open,r_LH_executable,2,2379,2379,1.0,-0.00026173140217919415,-0.06595631334915693,-6.5956313349156925,0.009754764536030669,0.9754764536030669,-6.76144596884297,0.2610340479192938,-0.4642538551432719,-0.00026173140217919415,-2.6173140217919415,-20.774784742033976,0.0
replication,timing_rONFH,executable_next_open,r_LH_executable,3,2379,2379,1.0,-0.0003557627215195808,-0.08965220582293437,-8.965220582293437,0.0097616901264231,0.9761690126423099,-9.184086429896228,0.1971416561580496,-0.5713391281693156,-0.0003557627215195808,-3.5576272151958084,-28.21843426872477,0.0
replication,timing_agree_ONFH_ROD,executable_next_open,r_LH_executable,3,2379,1803,0.7578814627994955,-0.0002554820903295717,-0.06438148676305207,-6.4381486763052065,0.008304492559052221,0.8304492559052221,-7.752609362371423,0.15006305170239598,-0.4557377906111474,-0.0002554820903295717,-2.5548209032957168,-23.820169743943723,0.0
replication,timing_rROD,executable_next_open,r_LH_executable,3,2379,2379,1.0,-0.0003386805689866712,-0.08534750338464114,-8.534750338464114,0.009749188279690443,0.9749188279690444,-8.754318917241292,0.20344682639764608,-0.5535532483206845,-0.0003386805689866712,-3.386805689866712,-26.89795820403865,0.0
replication,always_long,executable_next_open,r_LH_executable,3,2379,2379,1.0,-0.0003850758586625329,-0.0970391163829583,-9.70391163829583,0.009752394066843893,0.9752394066843892,-9.950286639141364,0.18663303909205547,-0.6004305255393403,-0.0003850758586625329,-3.850758586625329,-30.572611835138567,0.0
oos,timing_rONFH,paper_statistical,r_LH,0,1221,1221,1.0,7.851352522444565e-05,0.019785408356560303,1.9785408356560303,0.010598383116975196,1.0598383116975196,1.866832717612411,0.4987714987714988,-0.017001073918593956,7.851352522444565e-05,0.7851352522444566,4.109253797670299,4.234415516957135e-05
oos,timing_agree_ONFH_ROD,paper_statistical,r_LH,0,1221,929,0.7608517608517609,8.282523526006845e-05,0.02087195928553725,2.087195928553725,0.009209416581318458,0.9209416581318458,2.2663715015212325,0.3963963963963964,-0.009564142948185417,8.282523526006845e-05,0.8282523526006844,4.988714635057854,6.957904150617367e-07
oos,timing_rROD,paper_statistical,r_LH,0,1221,1221,1.0,8.964338891612319e-05,0.022590134006863043,2.259013400686304,0.010576091154040072,1.0576091154040073,2.1359624910412767,0.5036855036855037,-0.011451902792032564,8.964338891612319e-05,0.8964338891612319,4.701659605161789,2.8742004112292108e-06
oos,always_long,paper_statistical,r_LH,0,1221,1221,1.0,-1.507715821991226e-05,-0.0037994438714178897,-0.37994438714178896,0.010668790389634147,1.0668790389634146,-0.35612695841409064,0.41932841932841936,-0.025257959068853197,-1.507715821991226e-05,-0.1507715821991226,-0.7839031545298355,0.4332491020605542
oos,timing_rONFH,paper_statistical,r_LH,1,1221,1221,1.0,-5.556420622843883e-05,-0.014002179969566585,-1.4002179969566586,0.01059309767171336,1.0593097671713358,-1.3218210955381318,0.4406224406224406,-0.06701083203674418,-5.556420622843883e-05,-0.5556420622843883,-2.909579581199789,0.0036847966217852246
oos,timing_agree_ONFH_ROD,paper_statistical,r_LH,1,1221,929,0.7608517608517609,-1.8918921355479365e-05,-0.0047675681815808,-0.47675681815807996,0.009175756877352666,0.9175756877352667,-0.5195830976459251,0.3497133497133497,-0.027740858506742128,-1.8918921355479365e-05,-0.18918921355479365,-1.1437011988613015,0.2529719349680615
oos,timing_rROD,paper_statistical,r_LH,1,1221,1221,1.0,-4.443434253676129e-05,-0.011197454319263845,-1.1197454319263844,0.010573160234457736,1.0573160234457737,-1.059045173908511,0.44471744471744473,-0.0542916452809602,-4.443434253676129e-05,-0.44434342536761295,-2.3311598097304627,0.019907157210914184
oos,always_long,paper_statistical,r_LH,1,1221,1221,1.0,-0.00014915488967279675,-0.03758703219754478,-3.758703219754478,0.010666930388994331,1.0666930388994331,-3.523697148743506,0.3570843570843571,-0.16683243191421981,-0.00014915488967279675,-1.4915488967279675,-7.756327470429797,1.84297022087776e-14
oos,timing_rONFH,paper_statistical,r_LH,2,1221,1221,1.0,-0.00018964193768132332,-0.04778976829569347,-4.7789768295693476,0.010589975989406803,1.0589975989406804,-4.512736227494545,0.31203931203931207,-0.20690276644785432,-0.00018964193768132332,-1.8964193768132331,-9.933390552761018,0.0
oos,timing_agree_ONFH_ROD,paper_statistical,r_LH,2,1221,929,0.7608517608517609,-0.00012066307797102718,-0.03040709564869885,-3.040709564869885,0.009233226374643915,0.9233226374643916,-3.2932254030077885,0.25634725634725636,-0.13714449264922912,-0.00012066307797102718,-1.2066307797102718,-7.249015332879812,7.429612480791548e-13
oos,timing_rROD,paper_statistical,r_LH,2,1221,1221,1.0,-0.00017851207398964576,-0.04498504264539073,-4.498504264539073,0.01057239850620244,1.057239850620244,-4.254951477566765,0.3194103194103194,-0.19604858428522232,-0.00017851207398964576,-1.7851207398964577,-9.365957299300034,0.0
oos,always_long,paper_statistical,r_LH,2,1221,1221,1.0,-0.00028323262112568123,-0.07137462052367168,-7.137462052367168,0.010667220774636246,1.0667220774636246,-6.691023091354886,0.23505323505323505,-0.2925947093870903,-0.00028323262112568123,-2.832326211256812,-14.728214150657616,0.0
oos,timing_rONFH,paper_statistical,r_LH,3,1221,1221,1.0,-0.00032371966913420777,-0.08157735662182036,-8.157735662182036,0.010589019983711697,1.0589019983711696,-7.703957188418262,0.21867321867321868,-0.32643369251043686,-0.00032371966913420777,-3.2371966913420778,-16.957874712033963,0.0
oos,timing_agree_ONFH_ROD,paper_statistical,r_LH,3,1221,929,0.7608517608517609,-0.00022240723458657503,-0.05604662311581691,-5.6046623115816905,0.009380150255068897,0.9380150255068896,-5.975024023259129,0.18018018018018017,-0.23766871341778828,-0.00022240723458657503,-2.2240723458657503,-13.152164051501522,0.0
oos,timing_rROD,paper_statistical,r_LH,3,1221,1221,1.0,-0.00031258980544253027,-0.07877263097151763,-7.877263097151762,0.010573806438074432,1.0573806438074433,-7.449789385955763,0.22276822276822278,-0.3172142263739617,-0.00031258980544253027,-3.1258980544253028,-16.398403047722056,0.0
oos,always_long,paper_statistical,r_LH,3,1221,1221,1.0,-0.00041731035257856574,-0.10516220884979857,-10.516220884979857,0.010669661370985066,1.0669661370985066,-9.85618991955783,0.16461916461916462,-0.399387080205569,-0.00041731035257856574,-4.173103525785657,-21.695348209507653,0.0
oos,timing_rONFH,executable_next_open,r_LH_executable,0,1221,1221,1.0,7.490203871798172e-05,0.018875313756931394,1.8875313756931393,0.010496675671992943,1.0496675671992943,1.7982182499259451,0.4881244881244881,-0.016243909448323213,7.490203871798172e-05,0.7490203871798172,3.95822030695864,7.986918058633385e-05
oos,timing_agree_ONFH_ROD,executable_next_open,r_LH_executable,0,1221,929,0.7608517608517609,8.182824289455614e-05,0.02062071720942815,2.0620717209428148,0.009111724810009016,0.9111724810009016,2.2630970139458966,0.38984438984438985,-0.009970925557938215,8.182824289455614e-05,0.8182824289455615,4.981506865246759,7.216799446929656e-07
oos,timing_rROD,executable_next_open,r_LH_executable,0,1221,1221,1.0,9.086485388196385e-05,0.02289794317825489,2.289794317825489,0.010464838021249286,1.0464838021249285,2.1880838606158712,0.5012285012285013,-0.011722287837943601,9.086485388196385e-05,0.9086485388196385,4.816388650696251,1.6451419342367046e-06
oos,always_long,executable_next_open,r_LH_executable,0,1221,1221,1.0,-8.623078023995295e-06,-0.0021730156620468144,-0.21730156620468144,0.01056297330557038,1.056297330557038,-0.20572007513271623,0.4135954135954136,-0.023353202015037655,-8.623078023995295e-06,-0.08623078023995295,-0.452829003917021,0.6507523926076253
oos,timing_rONFH,executable_next_open,r_LH_executable,1,1221,1221,1.0,-5.9176573475737516e-05,-0.014912496515885854,-1.4912496515885854,0.010491039675652182,1.0491039675652183,-1.4214507786578177,0.43243243243243246,-0.07090659283637324,-5.9176573475737516e-05,-0.5917657347573752,-3.128883458755495,0.0017963044182467414
oos,timing_agree_ONFH_ROD,executable_next_open,r_LH_executable,1,1221,929,0.7608517608517609,-1.9916627552134055e-05,-0.005018990143137782,-0.5018990143137783,0.009077502858084447,0.9077502858084446,-0.5529042757246677,0.34807534807534807,-0.029632460203705246,-1.9916627552134055e-05,-0.19916627552134056,-1.2170474479767772,0.22382153578658714
oos,timing_rROD,executable_next_open,r_LH_executable,1,1221,1221,1.0,-4.3213758311755384e-05,-0.010889867094562357,-1.0889867094562358,0.010460135698157609,1.0460135698157609,-1.0410827745265714,0.44553644553644556,-0.05266000874959231,-4.3213758311755384e-05,-0.43213758311755385,-2.291621153063941,0.022097258605231263
oos,always_long,executable_next_open,r_LH_executable,1,1221,1221,1.0,-0.00014270169021771454,-0.03596082593486406,-3.5960825934864062,0.010560756089453473,1.0560756089453474,-3.405137438102224,0.3579033579033579,-0.16014092171870897,-0.00014270169021771454,-1.4270169021771455,-7.495355002673569,1.2656542480726785e-13
oos,timing_rONFH,executable_next_open,r_LH_executable,2,1221,1221,1.0,-0.00019325518566945676,-0.0487003067887031,-4.87003067887031,0.010487588318478283,1.0487588318478283,-4.643613508636403,0.2989352989352989,-0.21069938019174572,-0.00019325518566945676,-1.9325518566945676,-10.221476335427594,0.0
oos,timing_agree_ONFH_ROD,executable_next_open,r_LH_executable,2,1221,929,0.7608517608517609,-0.00012166149799882427,-0.030658697495703716,-3.0658697495703717,0.009135393144121507,0.9135393144121506,-3.3560348210555278,0.24406224406224405,-0.13852915773656427,-0.00012166149799882427,-1.2166149799882426,-7.387270805481679,2.7711166694643907e-13
oos,timing_rROD,executable_next_open,r_LH_executable,2,1221,1221,1.0,-0.00017729237050547462,-0.044677677367379605,-4.467767736737961,0.010457625198171512,1.0457625198171512,-4.272258425860527,0.3104013104013104,-0.19516036947089577,-0.00017729237050547462,-1.7729237050547462,-9.404053183484654,0.0
oos,always_long,executable_next_open,r_LH_executable,2,1221,1221,1.0,-0.00027678030241143375,-0.0697486362076813,-6.97486362076813,0.010560710925706611,1.0560710925706611,-6.604539855162683,0.23914823914823916,-0.28691324758298964,-0.00027678030241143375,-2.7678030241143374,-14.53784810264227,0.0
oos,timing_rONFH,executable_next_open,r_LH_executable,3,1221,1221,1.0,-0.000327333797863176,-0.08248811706152034,-8.248811706152035,0.010486323757558232,1.0486323757558231,-7.866256942721738,0.21212121212121213,-0.3295663178918966,-0.000327333797863176,-3.27333797863176,-17.315127333246583,0.0
oos,timing_agree_ONFH_ROD,executable_next_open,r_LH_executable,3,1221,929,0.7608517608517609,-0.00022340636844551446,-0.056298404848269645,-5.629840484826964,0.009283672672532495,0.9283672672532495,-6.064238457570693,0.171990171990172,-0.2387873432266744,-0.00022340636844551446,-2.2340636844551445,-13.348541985926555,0.0
oos,timing_rROD,executable_next_open,r_LH_executable,3,1221,1221,1.0,-0.0003113709826991938,-0.07846548764019684,-7.846548764019684,0.010457308099872858,1.045730809987286,-7.503411670652683,0.21457821457821458,-0.31636569324437436,-0.0003113709826991938,-3.113709826991938,-16.516435892846168,0.0
oos,always_long,executable_next_open,r_LH_executable,3,1221,1221,1.0,-0.000410858914605153,-0.10353644648049856,-10.353644648049857,0.010562837842191062,1.0562837842191062,-9.801953606344663,0.1678951678951679,-0.3945633116981181,-0.000410858914605153,-4.10858914605153,-21.57596377085914,0.0
